atena: atenaRAEISI84: atenaraeisi@gmail.com
mohammad: mohammadA85: mohammadrazavi@gmail.com
davood: davoodomidI45: davood@gmail.com
Maryam: maryamZolf33: maryam@gmail.com
Setareh: Setarehya34: setareh@gmail.com
eli: elikhariJ54: elahe@gmail.com
Omid: omidjalilI56: omid@gmail.com
hassan: Hassanzade34: hassan@gmail.com
